1/6/12,ADY*Netflix,8.99
1/3/12,FirstService Res DES:RESIDENT ID: 45118551 INDN:Sara Caplan CO ID:XXXXX39005 WEB,1275
12/31/11,TARGET PURCHASE 2850788,27.32
12/27/11,BKOFAMERICA ATM 11-12 #000009003 WITHDRWL SOUTH BEND INDIANA ID,30
12/26/11,Uber BV help.uber.com,4.06
12/27/11,Mesh on Mass 811202,11.46
12/28/11,Brugge Brasserie 769838,14.87
12/28/11,Uber BV help.uber.com,10.84
12/29/11,Mama Carolla's Old Italian 672567,14.21
12/31/11,WALMART,24.26
1/1/12,Uber BV help.uber.com,5.09
1/2/12,Recess 185748,15.85
1/3/12,Yats 435909,31.42
1/13/12,TARGET PURCHASE 2400538,26.36
1/9/12,Twenty Tap 859244,31.3
1/10/12,Goose the Market 617958,28.49
1/11/12,Siam Square 245396,15.66
1/11/12,Uber BV help.uber.com,8.82
1/13/12,WALMART,11.32
1/14/12,Uber BV help.uber.com,9.42
1/15/12,Uber BV help.uber.com,19.59
1/22/12,BKOFAMERICA ATM 12-01 #000009003 WITHDRWL SOUTH BEND INDIANA ID,50
1/19/12,Shapiro's Delicatessen 99910,33.22
1/20/12,Uber BV help.uber.com,17.41
1/21/12,Bluebeard 315685,15.75
1/21/12,NORDSTROM ONLINE,10.66
1/26/12,Siam Square 243922,18.84
1/27/12,Uber BV help.uber.com,7.45
1/28/12,Iaria's Italian Restaurant 653833,19.49
1/28/12,Uber BV help.uber.com,17.91
2/5/12,TARGET PURCHASE 1991097,13.62
2/4/12,BKOFAMERICA ATM 12-01 #000009003 WITHDRWL SOUTH BEND INDIANA ID,20
1/30/12,CHEVRON,36.1
1/31/12,Uber BV help.uber.com,19.99
2/2/12,Bazbeaux 948239,21.37
2/6/12,ADY*Netflix,8.99
2/5/12,FirstService Res DES:RESIDENT ID: 45118551 INDN:Sara Caplan CO ID:XXXXX39005 WEB,1275
2/5/12,PAYPAL DES:INST XFER ID:85905 INDN:Sara Caplan CO ID:PAYPAL WEB,14.49
2/5/12,TARGET PURCHASE 917892,20.45
2/4/12,BKOFAMERICA ATM 12-01 #000009003 WITHDRWL SOUTH BEND INDIANA ID,40
1/30/12,Yats 616683,24.34
2/5/12,TARGET,25.34
2/6/12,Uber BV help.uber.com,18.9
2/7/12,Union 50 155802,33.22
2/8/12,Taste Cafe & Marketplace 346453,25.03
2/12/12,NORDSTROM ONLINE,16
2/17/12,CHEVRON,37.79
2/14/12,Uber BV help.uber.com,8.37
2/16/12,Uber BV help.uber.com,8.37
2/18/12,Iaria's Italian Restaurant 193264,33.24
2/19/12,Uber BV help.uber.com,11.89
2/20/12,WALMART,40.43
2/22/12,St. Elmo Steak House 473147,22.86
2/23/12,Uber BV help.uber.com,7.13
2/26/12,Goose the Market 427766,30
3/6/12,ADY*Netflix,8.99
3/5/12,FirstService Res DES:RESIDENT ID: 45118551 INDN:Sara Caplan CO ID:XXXXX39005 WEB,1275
2/27/12,St. Elmo Steak House 17893,25.51
2/28/12,Cafe Patachou 613656,33.98
3/2/12,Mesh on Mass 875201,15.51
3/3/12,The Tamale Place 763285,16.68
3/7/12,Uber BV help.uber.com,21.4
3/8/12,Union 50 515754,22.63
3/10/12,Mug N' Bun 278441,23.7
3/11/12,Uber BV help.uber.com,9.73
3/13/12,Mama Carolla's Old Italian 354893,13.46
3/13/12,Uber BV help.uber.com,20.89
3/14/12,The Loft at Trader's Point Creamery 772920,16.65
3/16/12,The Loft at Trader's Point Creamery 83702,8.36
3/21/12,Shapiro's Delicatessen 256659,33.23
3/23/12,The Tamale Place 808036,8.6
3/24/12,Uber BV help.uber.com,13.12
3/26/12,Shoefly Public House 721611,29.63
3/30/12,Goose the Market 844675,11.82
3/31/12,Uber BV help.uber.com,13.12
4/6/12,ADY*Netflix,8.99
4/9/12,FirstService Res DES:RESIDENT ID: 45118551 INDN:Sara Caplan CO ID:XXXXX39005 WEB,1275
4/9/12,FirstService Res Late Fee DES:RESIDENT ID: 45118551 INDN:Sara Caplan CO ID:XXXXX39005 WEB,25
3/26/12,Uber BV help.uber.com,5.81
3/28/12,Scotty's Brewhouse 311713,20.46
3/29/12,Siam Square 530173,12.55
3/30/12,Sahm's Place 565124,13.75
4/7/12,PAYPAL DES:INST XFER ID:34554 INDN:Sara Caplan CO ID:PAYPAL WEB,68.89
4/7/12,TARGET PURCHASE 373061,17.29
4/2/12,Delicia 597299,17.73
4/3/12,Scotty's Brewhouse 386730,10.72
4/5/12,St. Elmo Steak House 13346,10.09
4/5/12,Uber BV help.uber.com,13.95
4/7/12,Uber BV help.uber.com,13.8
4/15/12,PAYPAL DES:INST XFER ID:66484 INDN:Sara Caplan CO ID:PAYPAL WEB,15.29
4/9/12,Uber BV help.uber.com,21.05
4/10/12,Mug N' Bun 49724,29.68
4/11/12,AMAZON,31.7
4/12/12,Twenty Tap 155504,15.26
4/13/12,Delicia 559548,7.76
4/13/12,Uber BV help.uber.com,14.06
4/15/12,Bluebeard 203964,13.7
4/21/12,BKOFAMERICA ATM 12-04 #000009003 WITHDRWL SOUTH BEND INDIANA ID,10
4/16/12,Mama Carolla's Old Italian 650559,24.17
4/17/12,Yats 774177,14.77
4/19/12,Bluebeard 711005,33.6
4/20/12,The Loft at Trader's Point Creamery 656387,11.9
4/22/12,Uber BV help.uber.com,9.59
4/24/12,TARGET PURCHASE 1549284,21.48
4/23/12,Uber BV help.uber.com,20.05
4/24/12,Twenty Tap 596427,17.35
4/25/12,Recess 723203,30.98
4/25/12,Uber BV help.uber.com,14.02
4/27/12,Bazbeaux 627591,28.84
4/28/12,Mug N' Bun 432480,17.6
4/30/12,Siam Square 992598,23.76
5/1/12,Uber BV help.uber.com,10.51
5/2/12,Union 50 448397,19.74
5/2/12,Uber BV help.uber.com,17.51
5/3/12,Delicia 233161,9.18
5/5/12,Mesh on Mass 844439,15.2
5/5/12,Uber BV help.uber.com,13.3
5/6/12,Uber BV help.uber.com,18.71
5/6/12,ADY*Netflix,8.99
5/9/12,FirstService Res DES:RESIDENT ID: 45118551 INDN:Sara Caplan CO ID:XXXXX39005 WEB,1275
5/9/12,FirstService Res Late Fee DES:RESIDENT ID: 45118551 INDN:Sara Caplan CO ID:XXXXX39005 WEB,25
5/3/12,Uber BV help.uber.com,18.51
5/3/12,TARGET,32.91
5/5/12,WALMART,24.58
5/13/12,BKOFAMERICA ATM 12-05 #000009003 WITHDRWL SOUTH BEND INDIANA ID,50
5/7/12,Taste Cafe & Marketplace 798858,31.46
5/9/12,Mesh on Mass 206127,30.63
5/9/12,AMAZON,20.54
5/10/12,Scotty's Brewhouse 520673,26.43
5/13/12,Mama Carolla's Old Italian 883260,30.52
5/15/12,Uber BV help.uber.com,22.76
5/18/12,The Loft at Trader's Point Creamery 366270,9.61
5/24/12,TARGET PURCHASE 1902002,28.28
5/21/12,Goose the Market 811918,16.29
5/22/12,WALMART,11.29
5/23/12,Uber BV help.uber.com,5.23
5/26/12,Goose the Market 317528,32.9
6/1/12,BKOFAMERICA ATM 12-05 #000009003 WITHDRWL SOUTH BEND INDIANA ID,30
6/1/12,3 Sisters 53119,21.64
6/2/12,Uber BV help.uber.com,21.73
6/6/12,ADY*Netflix,8.99
6/3/12,FirstService Res DES:RESIDENT ID: 45118551 INDN:Sara Caplan CO ID:XXXXX39005 WEB,1275
5/31/12,TARGET PURCHASE 245085,13.32
6/3/12,St. Elmo Steak House 135173,19.23
6/3/12,Uber BV help.uber.com,5.83
6/4/12,Uber BV help.uber.com,10.95
6/5/12,Delicia 344410,21.38
6/5/12,Uber BV help.uber.com,21.85
6/5/12,NORDSTROM ONLINE,20.84
6/10/12,TARGET,9.25
6/13/12,PAYPAL DES:INST XFER ID:66616 INDN:Sara Caplan CO ID:PAYPAL WEB,37.39
6/17/12,TARGET PURCHASE 609958,33.74
6/12/12,Uber BV help.uber.com,8.26
6/13/12,Mug N' Bun 433335,31.99
6/16/12,Shoefly Public House 861798,21.3
6/17/12,Sahm's Place 915480,32.05
6/19/12,CHEVRON,38.06
6/24/12,Scotty's Brewhouse 963507,18.01
6/28/12,EXXON GAS,30.4
6/27/12,Mesh on Mass 370729,19.83
6/30/12,Recess 533960,30.97
6/30/12,Uber BV help.uber.com,13.52
7/6/12,ADY*Netflix,8.99
7/3/12,FirstService Res DES:RESIDENT ID: 45118551 INDN:Sara Caplan CO ID:XXXXX39005 WEB,1275
6/25/12,Mama Carolla's Old Italian 437780,19.89
6/27/12,Mug N' Bun 521455,28.48
6/28/12,Recess 315304,13.83
6/30/12,Pizzology 345051,13.81
7/1/12,Uber BV help.uber.com,12.71
7/2/12,TARGET,24.45
7/3/12,NORDSTROM ONLINE,8.84
7/4/12,Taste Cafe & Marketplace 947906,28.07
7/9/12,Bluebeard 158968,17.72
7/10/12,Scotty's Brewhouse 667092,13.26
7/10/12,Uber BV help.uber.com,10.46
7/14/12,Delicia 414632,28.51
7/15/12,Uber BV help.uber.com,19.08
7/21/12,BKOFAMERICA ATM 12-07 #000009003 WITHDRWL SOUTH BEND INDIANA ID,10
7/19/12,Iaria's Italian Restaurant 380723,15.31
7/21/12,Uber BV help.uber.com,7.41
7/22/12,Uber BV help.uber.com,16.33
7/23/12,Uber BV help.uber.com,12.34
7/24/12,Twenty Tap 563473,18.91
7/28/12,Bluebeard 141038,17.1
7/29/12,Uber BV help.uber.com,14.27
8/5/12,TARGET PURCHASE 1752248,31.81
7/31/12,Siam Square 958464,30.63
8/3/12,AMAZON,23.69
8/6/12,ADY*Netflix,8.99
8/4/12,FirstService Res DES:RESIDENT ID: 45118551 INDN:Sara Caplan CO ID:XXXXX39005 WEB,1275
8/4/12,SHELL,36.7
7/31/12,Uber BV help.uber.com,10.47
8/1/12,Bazbeaux 171334,30.73
8/2/12,3 Sisters 539811,20.42
8/4/12,Uber BV help.uber.com,11.79
8/5/12,Recess 174059,33.86
8/5/12,TARGET,8.2
8/12/12,PAYPAL DES:INST XFER ID:68778 INDN:Sara Caplan CO ID:PAYPAL WEB,74.96
8/7/12,The Tamale Place 996389,10.59
8/12/12,Uber BV help.uber.com,5.25
8/13/12,EXXON GAS,38.15
8/14/12,Delicia 144980,31.48
8/14/12,Uber BV help.uber.com,8.75
8/15/12,Brugge Brasserie 169850,30.22
8/18/12,TARGET,35.13
8/19/12,TARGET,37.97
8/25/12,MOBILE GAS,34.95
8/24/12,Uber BV help.uber.com,20.08
8/25/12,Uber BV help.uber.com,20.77
8/27/12,TARGET PURCHASE 2437429,14.81
8/27/12,BKOFAMERICA ATM 12-08 #000009003 WITHDRWL SOUTH BEND INDIANA ID,30
8/28/12,Shoefly Public House 596877,31.93
8/29/12,Brugge Brasserie 194028,24.28
8/31/12,NORDSTROM ONLINE,20.9
9/1/12,Uber BV help.uber.com,13.94
9/2/12,Iaria's Italian Restaurant 174699,18.98
9/6/12,ADY*Netflix,8.99
9/6/12,FirstService Res DES:RESIDENT ID: 45118551 INDN:Sara Caplan CO ID:XXXXX39005 WEB,1275
8/27/12,BKOFAMERICA ATM 12-08 #000009003 WITHDRWL SOUTH BEND INDIANA ID,40
8/29/12,Siam Square 297345,7.12
8/31/12,The Loft at Trader's Point Creamery 260467,21.01
9/1/12,The Loft at Trader's Point Creamery 486478,23.59
9/5/12,MOBILE GAS,38.87
9/3/12,Sahm's Place 16596,29.96
9/3/12,AMAZON,23.28
9/6/12,Union 50 969422,9.87
9/8/12,Uber BV help.uber.com,8.16
9/9/12,Uber BV help.uber.com,17.69
9/10/12,NORDSTROM ONLINE,38.59
9/13/12,Pizzology 780604,24.03
9/13/12,Uber BV help.uber.com,11.2
9/21/12,SHELL,39.84
9/19/12,Mug N' Bun 537582,24.84
9/20/12,AMAZON,36.75
9/21/12,Mug N' Bun 343040,22.49
9/22/12,Iaria's Italian Restaurant 910759,29.39
9/30/12,PAYPAL DES:INST XFER ID:24634 INDN:Sara Caplan CO ID:PAYPAL WEB,16.51
9/28/12,BKOFAMERICA ATM 12-09 #000009003 WITHDRWL SOUTH BEND INDIANA ID,50
9/28/12,Siam Square 561323,19.3
9/29/12,Iaria's Italian Restaurant 13284,16.63
9/29/12,Uber BV help.uber.com,8.84
9/29/12,AMAZON,14.55
10/6/12,ADY*Netflix,8.99
10/3/12,FirstService Res DES:RESIDENT ID: 45118551 INDN:Sara Caplan CO ID:XXXXX39005 WEB,1275
10/4/12,PAYPAL DES:INST XFER ID:69141 INDN:Sara Caplan CO ID:PAYPAL WEB,46.93
10/7/12,TARGET PURCHASE 394871,28.84
10/6/12,Scotty's Brewhouse 958397,13.66
10/9/12,TARGET PURCHASE 1679537,25
10/11/12,MOBILE GAS,35.05
10/8/12,Uber BV help.uber.com,21.04
10/9/12,Uber BV help.uber.com,19.1
10/10/12,WALMART,21.76
10/11/12,WALMART,27.06
10/16/12,TARGET PURCHASE 2128623,16.57
10/19/12,MOBILE GAS,33.94
10/18/12,Shoefly Public House 159245,8.48
10/20/12,Mesh on Mass 843288,7.76
10/24/12,BKOFAMERICA ATM 12-10 #000009003 WITHDRWL SOUTH BEND INDIANA ID,50
10/23/12,Twenty Tap 529303,8.75
10/26/12,Cafe Patachou 120646,13.94
10/27/12,Recess 797598,9.21
10/27/12,NORDSTROM ONLINE,30.84
11/1/12,TARGET PURCHASE 1196770,29.41
11/2/12,BKOFAMERICA ATM 12-10 #000009003 WITHDRWL SOUTH BEND INDIANA ID,50
10/29/12,Delicia 43323,18.66
11/2/12,Shapiro's Delicatessen 924591,27.06
11/3/12,Delicia 760753,30.51
11/3/12,Uber BV help.uber.com,15.54
11/4/12,Siam Square 442355,29.65
11/4/12,Uber BV help.uber.com,19.2
11/6/12,ADY*Netflix,8.99
11/8/12,FirstService Res DES:RESIDENT ID: 45118551 INDN:Sara Caplan CO ID:XXXXX39005 WEB,1275
11/2/12,MOBILE GAS,40.74
11/2/12,3 Sisters 507682,8.92
11/9/12,BKOFAMERICA ATM 12-11 #000009003 WITHDRWL SOUTH BEND INDIANA ID,50
11/9/12,Uber BV help.uber.com,12.1
11/11/12,Mug N' Bun 614703,7.18
11/11/12,Uber BV help.uber.com,18.06
11/11/12,AMAZON,22.39
11/12/12,Union 50 455356,16.19
11/15/12,Uber BV help.uber.com,17.86
11/16/12,Mug N' Bun 990784,9.78
11/23/12,PAYPAL DES:INST XFER ID:28245 INDN:Sara Caplan CO ID:PAYPAL WEB,79.53
11/21/12,TARGET PURCHASE 1231927,29.94
11/20/12,Shapiro's Delicatessen 110655,9.21
11/20/12,Uber BV help.uber.com,10.3
11/24/12,AMAZON,10.05
11/27/12,PAYPAL DES:INST XFER ID:96641 INDN:Sara Caplan CO ID:PAYPAL WEB,79.81
11/27/12,Mama Carolla's Old Italian 768017,18.14
11/27/12,NORDSTROM ONLINE,30.63
12/2/12,Delicia 965883,17.97
12/2/12,Uber BV help.uber.com,8.83
12/6/12,ADY*Netflix,8.99
12/8/12,FirstService Res DES:RESIDENT ID: 45118551 INDN:Sara Caplan CO ID:XXXXX39005 WEB,1275
12/2/12,TARGET PURCHASE 482853,12.97
11/29/12,WALMART,21.65
11/30/12,Shapiro's Delicatessen 117488,29.12
12/4/12,MOBILE GAS,32.29
12/3/12,Yats 557970,21.36
12/4/12,Union 50 819312,13.08
12/8/12,Twenty Tap 773774,16.62
12/9/12,Uber BV help.uber.com,9.94
12/16/12,CHEVRON,31.01
12/13/12,Shoefly Public House 745503,8.76
12/16/12,Uber BV help.uber.com,19.16
12/20/12,PAYPAL DES:INST XFER ID:75122 INDN:Sara Caplan CO ID:PAYPAL WEB,61.86
12/18/12,BKOFAMERICA ATM 12-12 #000009003 WITHDRWL SOUTH BEND INDIANA ID,50
12/20/12,CHEVRON,30.66
12/17/12,TARGET,6.49
12/19/12,TARGET,5.26
12/21/12,NORDSTROM ONLINE,24.87
12/22/12,Uber BV help.uber.com,17.18
12/29/12,BKOFAMERICA ATM 12-12 #000009003 WITHDRWL SOUTH BEND INDIANA ID,10
12/27/12,EXXON GAS,33.25
12/24/12,Taste Cafe & Marketplace 997840,14.29
12/25/12,Mesh on Mass 145548,25.9
12/25/12,Uber BV help.uber.com,19.42
12/26/12,Siam Square 231952,9
12/28/12,Uber BV help.uber.com,5.81
1/6/13,SHELL,38.66
12/31/12,Uber BV help.uber.com,11.22
1/2/13,Union 50 29899,26.52
1/3/13,Taste Cafe & Marketplace 177871,12.92
1/3/13,AMAZON,12.75
1/5/13,Bazbeaux 56267,26.89
1/6/13,ADY*Netflix,8.99
1/3/13,FirstService Res DES:RESIDENT ID: 45118551 INDN:Sara Caplan CO ID:XXXXX39005 WEB,1275
1/5/13,PAYPAL DES:INST XFER ID:97000 INDN:Sara Caplan CO ID:PAYPAL WEB,55.43
1/2/13,SHELL,33.61
1/6/13,Scotty's Brewhouse 177510,11.26
1/13/13,BKOFAMERICA ATM 13-01 #000009003 WITHDRWL SOUTH BEND INDIANA ID,50
1/7/13,SHELL,34.59
1/7/13,Mug N' Bun 145809,15.58
1/8/13,Uber BV help.uber.com,15.52
1/9/13,Mug N' Bun 862635,32.52
1/13/13,Scotty's Brewhouse 836289,23.48
1/17/13,AMAZON,13.08
1/18/13,Pizzology 455119,20.34
1/19/13,AMAZON,33.11
1/22/13,TARGET PURCHASE 1235494,33.41
1/21/13,EXXON GAS,30.69
1/21/13,Shoefly Public House 895571,15.84
1/21/13,Uber BV help.uber.com,20.66
1/22/13,NORDSTROM ONLINE,22.3
1/24/13,Uber BV help.uber.com,7.99
1/27/13,NORDSTROM ONLINE,20.12
1/29/13,Taste Cafe & Marketplace 60564,8.01
1/31/13,Shapiro's Delicatessen 588838,9.78
2/6/13,ADY*Netflix,8.99
2/4/13,FirstService Res DES:RESIDENT ID: 45118551 INDN:Sara Caplan CO ID:XXXXX39005 WEB,1275
2/3/13,TARGET PURCHASE 1601713,14
1/29/13,Mama Carolla's Old Italian 646952,16.75
1/30/13,Pizzology 298878,14.25
1/31/13,Yats 339847,15.85
2/5/13,TARGET PURCHASE 1444728,30.91
2/5/13,SHELL,36.65
2/8/13,Delicia 535502,22.66
2/13/13,WALMART,20.9
2/23/13,TARGET PURCHASE 152951,16.66
2/19/13,BKOFAMERICA ATM 13-02 #000009003 WITHDRWL SOUTH BEND INDIANA ID,20
2/19/13,Union 50 297468,14.54
2/20/13,Delicia 22706,7.18
2/22/13,Goose the Market 496424,7.1
2/26/13,Mesh on Mass 728168,7.21
2/27/13,Mesh on Mass 970633,19.28
2/27/13,Uber BV help.uber.com,22.56
3/3/13,Scotty's Brewhouse 983846,25.08
3/6/13,ADY*Netflix,8.99
3/2/13,FirstService Res DES:RESIDENT ID: 45118551 INDN:Sara Caplan CO ID:XXXXX39005 WEB,1275
2/26/13,BKOFAMERICA ATM 13-02 #000009003 WITHDRWL SOUTH BEND INDIANA ID,20
2/25/13,Delicia 543329,14.06
3/1/13,TARGET,22.75
3/4/13,Scotty's Brewhouse 595537,13.58
3/4/13,TARGET,19.23
3/5/13,Cafe Patachou 709807,9.47
3/5/13,Uber BV help.uber.com,10.3
3/5/13,NORDSTROM ONLINE,23.46
3/6/13,St. Elmo Steak House 864762,29.74
3/7/13,Uber BV help.uber.com,22.97
3/7/13,AMAZON,38.69
3/8/13,Goose the Market 185143,14.35
3/11/13,TARGET PURCHASE 982034,15.54
3/12/13,Siam Square 58060,13.51
3/12/13,Uber BV help.uber.com,8.52
3/12/13,WALMART,34.66
3/13/13,Shoefly Public House 795404,13.35
3/17/13,3 Sisters 732659,33.76
3/18/13,Shoefly Public House 379054,28.09
3/18/13,TARGET,29.79
3/21/13,St. Elmo Steak House 80218,10.42
3/26/13,CHEVRON,38.66
3/27/13,Recess 872627,17.98
3/28/13,AMAZON,41.4
3/29/13,Sahm's Place 212130,13.22
3/29/13,Uber BV help.uber.com,7.02
4/6/13,ADY*Netflix,8.99
4/7/13,FirstService Res DES:RESIDENT ID: 45118551 INDN:Sara Caplan CO ID:XXXXX39005 WEB,1275
4/4/13,The Loft at Trader's Point Creamery 10109,7.94
4/5/13,Sahm's Place 500101,12.04
4/6/13,St. Elmo Steak House 516483,20.93
4/8/13,Mama Carolla's Old Italian 533820,28.56
4/9/13,Union 50 594705,24.68
4/9/13,Uber BV help.uber.com,9.04
4/9/13,AMAZON,23.68
4/10/13,Shoefly Public House 744321,12.5
4/12/13,TARGET,23
4/13/13,Goose the Market 484581,26.68
4/15/13,Pizzology 497652,17.98
4/18/13,Brugge Brasserie 396688,13.91
4/19/13,Shapiro's Delicatessen 191619,29.84
4/20/13,Cafe Patachou 72914,15.01
4/23/13,PAYPAL DES:INST XFER ID:51587 INDN:Sara Caplan CO ID:PAYPAL WEB,18.45
4/22/13,EXXON GAS,34.6
4/22/13,Uber BV help.uber.com,7.44
4/24/13,Delicia 789328,32.72
4/27/13,Scotty's Brewhouse 666709,28.86
4/27/13,Uber BV help.uber.com,4.36
5/2/13,St. Elmo Steak House 237850,12.52
5/4/13,Uber BV help.uber.com,9.26
5/5/13,Bazbeaux 358200,28.36
5/6/13,ADY*Netflix,8.99
5/8/13,FirstService Res DES:RESIDENT ID: 45118551 INDN:Sara Caplan CO ID:XXXXX39005 WEB,1275
4/30/13,MOBILE GAS,34.01
4/30/13,Union 50 746214,9.13
4/30/13,Uber BV help.uber.com,20.32
5/1/13,Uber BV help.uber.com,17.03
5/2/13,Sahm's Place 737580,21.17
5/2/13,AMAZON,24.62
5/3/13,Goose the Market 642145,19.2
5/3/13,Uber BV help.uber.com,14.94
5/6/13,TARGET PURCHASE 2099272,13.37
5/9/13,BKOFAMERICA ATM 13-05 #000009003 WITHDRWL SOUTH BEND INDIANA ID,50
5/6/13,Taste Cafe & Marketplace 400354,9.55
5/8/13,Union 50 916909,33.13
5/9/13,TARGET,10.53
5/10/13,Shapiro's Delicatessen 956016,19.35
5/17/13,CHEVRON,38.69
5/16/13,TARGET,41.35
5/17/13,Uber BV help.uber.com,15.46
5/19/13,The Tamale Place 284858,14.71
5/21/13,Bazbeaux 112786,18.24
5/23/13,Twenty Tap 200882,17.36
5/23/13,Uber BV help.uber.com,19.28
5/24/13,Uber BV help.uber.com,17.35
5/25/13,Siam Square 109301,17.67
5/26/13,Scotty's Brewhouse 228117,13.13
5/26/13,Uber BV help.uber.com,5.83
5/29/13,BKOFAMERICA ATM 13-05 #000009003 WITHDRWL SOUTH BEND INDIANA ID,50
5/27/13,AMAZON,20.78
5/29/13,AMAZON,17.26
5/30/13,Recess 225242,11.1
5/31/13,Taste Cafe & Marketplace 447640,32.15
6/1/13,Siam Square 490974,27.2
6/1/13,TARGET,9.21
6/2/13,Iaria's Italian Restaurant 508612,17.03
6/6/13,ADY*Netflix,8.99
6/8/13,FirstService Res DES:RESIDENT ID: 45118551 INDN:Sara Caplan CO ID:XXXXX39005 WEB,1275
5/28/13,TARGET PURCHASE 566946,24.07
6/2/13,BKOFAMERICA ATM 13-05 #000009003 WITHDRWL SOUTH BEND INDIANA ID,30
6/1/13,SHELL,39.12
5/27/13,Uber BV help.uber.com,14.69
5/30/13,Iaria's Italian Restaurant 450886,19.63
6/1/13,Yats 449207,27.67
6/3/13,BKOFAMERICA ATM 13-06 #000009003 WITHDRWL SOUTH BEND INDIANA ID,10
6/3/13,Goose the Market 987756,20.39
6/11/13,EXXON GAS,42.06
6/12/13,Siam Square 735982,22.66
6/14/13,Twenty Tap 53772,29.34
6/14/13,AMAZON,24.16
6/15/13,Siam Square 434236,11.83
6/20/13,Twenty Tap 327623,31.34
6/20/13,Uber BV help.uber.com,14.97
6/22/13,Uber BV help.uber.com,5.99
6/23/13,Mama Carolla's Old Italian 762260,18.74
6/24/13,MOBILE GAS,41.34
6/28/13,3 Sisters 527490,16.01
7/6/13,ADY*Netflix,8.99
7/4/13,FirstService Res DES:RESIDENT ID: 45118551 INDN:Sara Caplan CO ID:XXXXX39005 WEB,1275
7/4/13,TARGET PURCHASE 653316,22.89
7/7/13,SHELL,32.11
7/2/13,Shoefly Public House 392825,14.97
7/7/13,Shapiro's Delicatessen 93657,33.94
7/9/13,The Loft at Trader's Point Creamery 891027,8.85
7/12/13,Uber BV help.uber.com,12.69
7/13/13,Siam Square 767313,15.6
7/13/13,WALMART,22
7/15/13,Uber BV help.uber.com,9.81
7/16/13,TARGET,15.52
7/17/13,The Tamale Place 583205,8.88
7/19/13,Union 50 879552,8.61
7/21/13,Union 50 154185,21.65
7/21/13,WALMART,33.63
7/27/13,TARGET PURCHASE 2744681,28.18
7/24/13,Shapiro's Delicatessen 574498,29.14
7/27/13,Pizzology 925658,13.47
7/28/13,Bazbeaux 561229,8.43
7/28/13,NORDSTROM ONLINE,17.88
7/29/13,Mama Carolla's Old Italian 624096,33.17
8/1/13,Bazbeaux 185027,22.2
8/2/13,Goose the Market 116306,17.27
8/4/13,Goose the Market 118760,22.62
8/6/13,ADY*Netflix,8.99
8/2/13,FirstService Res DES:RESIDENT ID: 45118551 INDN:Sara Caplan CO ID:XXXXX39005 WEB,1275
7/29/13,TARGET PURCHASE 2490647,33.85
8/4/13,BKOFAMERICA ATM 13-07 #000009003 WITHDRWL SOUTH BEND INDIANA ID,20
7/31/13,Goose the Market 487207,9.54
7/31/13,Uber BV help.uber.com,19.18
8/1/13,Uber BV help.uber.com,8.97
8/2/13,Uber BV help.uber.com,21.53
8/3/13,AMAZON,31.61
8/6/13,TARGET PURCHASE 280014,25.12
8/5/13,BKOFAMERICA ATM 13-08 #000009003 WITHDRWL SOUTH BEND INDIANA ID,50
8/9/13,Union 50 365026,18.1
8/10/13,Cafe Patachou 520188,21.24
8/11/13,Uber BV help.uber.com,18.18
8/18/13,TARGET PURCHASE 1402107,21.04
8/16/13,BKOFAMERICA ATM 13-08 #000009003 WITHDRWL SOUTH BEND INDIANA ID,50
8/13/13,Taste Cafe & Marketplace 37579,25.95
8/15/13,Iaria's Italian Restaurant 65239,19.27
8/23/13,BKOFAMERICA ATM 13-08 #000009003 WITHDRWL SOUTH BEND INDIANA ID,40
8/21/13,Mug N' Bun 751302,16.22
8/22/13,NORDSTROM ONLINE,30.82
8/29/13,Twenty Tap 867658,7.26
9/1/13,Union 50 529219,9.75
9/6/13,ADY*Netflix,8.99
9/7/13,FirstService Res DES:RESIDENT ID: 45118551 INDN:Sara Caplan CO ID:XXXXX39005 WEB,1275
8/31/13,TARGET PURCHASE 2384537,23.21
8/27/13,Pizzology 839549,9.12
8/28/13,AMAZON,9.4
9/6/13,PAYPAL DES:INST XFER ID:34165 INDN:Sara Caplan CO ID:PAYPAL WEB,31.36
9/5/13,Uber BV help.uber.com,6.67
9/6/13,Taste Cafe & Marketplace 398845,21.11
9/7/13,AMAZON,17.32
9/9/13,EXXON GAS,38.77
9/11/13,Uber BV help.uber.com,13.34
9/12/13,Bazbeaux 572529,9.07
9/14/13,Cafe Patachou 204263,9.59
9/14/13,Uber BV help.uber.com,11.81
9/15/13,Bazbeaux 646236,16.69
9/19/13,TARGET PURCHASE 916722,20.33
9/17/13,BKOFAMERICA ATM 13-09 #000009003 WITHDRWL SOUTH BEND INDIANA ID,10
9/16/13,Union 50 944328,16.5
9/16/13,WALMART,17.92
9/18/13,Scotty's Brewhouse 185786,7.78
9/19/13,Cafe Patachou 165851,26.8
9/20/13,Union 50 703149,24.47
9/21/13,Uber BV help.uber.com,7.61
9/26/13,EXXON GAS,33.76
9/24/13,St. Elmo Steak House 106593,30.12
9/25/13,Pizzology 591886,16.83
9/29/13,Shoefly Public House 355892,25.94
10/6/13,PAYPAL DES:INST XFER ID:9011 INDN:Sara Caplan CO ID:PAYPAL WEB,36.25
10/2/13,TARGET PURCHASE 1107784,25.15
10/2/13,Sahm's Place 607953,27.54
10/4/13,TARGET,28.26
10/5/13,Twenty Tap 793221,16.89
10/6/13,ADY*Netflix,8.99
10/2/13,FirstService Res DES:RESIDENT ID: 45118551 INDN:Sara Caplan CO ID:XXXXX39005 WEB,1275
10/1/13,NORDSTROM ONLINE,25.23
10/2/13,Yats 946269,22.05
10/6/13,Shapiro's Delicatessen 53180,9.51
10/6/13,AMAZON,14.55
10/13/13,BKOFAMERICA ATM 13-10 #000009003 WITHDRWL SOUTH BEND INDIANA ID,10
10/10/13,CHEVRON,38.06
10/8/13,Union 50 882206,9.76
10/12/13,Taste Cafe & Marketplace 914867,33.42
10/14/13,EXXON GAS,38.5
10/18/13,Cafe Patachou 489335,9.41
10/25/13,PAYPAL DES:INST XFER ID:69645 INDN:Sara Caplan CO ID:PAYPAL WEB,70.41
10/21/13,3 Sisters 229491,26.52
10/22/13,Taste Cafe & Marketplace 441889,9.24
10/23/13,Uber BV help.uber.com,20.88
10/24/13,Uber BV help.uber.com,12.33
10/27/13,Mama Carolla's Old Italian 564160,19.88
11/2/13,PAYPAL DES:INST XFER ID:55295 INDN:Sara Caplan CO ID:PAYPAL WEB,50.74
11/2/13,CHEVRON,30.97
11/6/13,ADY*Netflix,8.99
11/10/13,FirstService Res DES:RESIDENT ID: 45118551 INDN:Sara Caplan CO ID:XXXXX39005 WEB,1275
11/10/13,FirstService Res Late Fee DES:RESIDENT ID: 45118551 INDN:Sara Caplan CO ID:XXXXX39005 WEB,25
10/30/13,Uber BV help.uber.com,13.29
10/31/13,Shapiro's Delicatessen 55315,29.69
11/2/13,AMAZON,13.9
11/4/13,TARGET PURCHASE 158285,14.29
11/7/13,BKOFAMERICA ATM 13-11 #000009003 WITHDRWL SOUTH BEND INDIANA ID,40
11/10/13,SHELL,41.05
11/6/13,Scotty's Brewhouse 467650,14.45
11/7/13,Union 50 564168,24.33
11/10/13,Yats 466462,15.51
11/17/13,BKOFAMERICA ATM 13-11 #000009003 WITHDRWL SOUTH BEND INDIANA ID,20
11/12/13,NORDSTROM ONLINE,21.75
11/14/13,Cafe Patachou 643629,24.42
11/14/13,Uber BV help.uber.com,17.63
11/19/13,BKOFAMERICA ATM 13-11 #000009003 WITHDRWL SOUTH BEND INDIANA ID,30
11/19/13,Uber BV help.uber.com,13.91
11/20/13,AMAZON,28.13
11/21/13,The Loft at Trader's Point Creamery 160529,12.19
11/22/13,The Tamale Place 714923,13.66
11/23/13,TARGET,11.45
11/29/13,BKOFAMERICA ATM 13-11 #000009003 WITHDRWL SOUTH BEND INDIANA ID,40
11/26/13,Union 50 411593,11.65
11/26/13,Uber BV help.uber.com,5.34
11/28/13,Siam Square 534802,26.71
11/29/13,Mesh on Mass 363041,12.91
11/30/13,Shapiro's Delicatessen 921067,23.45
12/6/13,ADY*Netflix,8.99
12/8/13,FirstService Res DES:RESIDENT ID: 45118551 INDN:Sara Caplan CO ID:XXXXX39005 WEB,1275
11/29/13,PAYPAL DES:INST XFER ID:93085 INDN:Sara Caplan CO ID:PAYPAL WEB,52.49
11/25/13,BKOFAMERICA ATM 13-11 #000009003 WITHDRWL SOUTH BEND INDIANA ID,30
11/25/13,Scotty's Brewhouse 300706,12.9
11/25/13,TARGET,28.19
11/26/13,Bazbeaux 825724,9.04
11/27/13,Iaria's Italian Restaurant 515931,32.03
11/29/13,Scotty's Brewhouse 15547,18.88
11/30/13,Iaria's Italian Restaurant 285292,21.24
12/1/13,Iaria's Italian Restaurant 428819,25.81
12/1/13,TARGET,25.27
12/4/13,BKOFAMERICA ATM 13-12 #000009003 WITHDRWL SOUTH BEND INDIANA ID,20
12/2/13,Sahm's Place 828470,10.76
12/3/13,Uber BV help.uber.com,11.36
12/4/13,Shapiro's Delicatessen 515036,16.1
12/4/13,AMAZON,5.75
12/5/13,Goose the Market 756291,18.29
12/15/13,BKOFAMERICA ATM 13-12 #000009003 WITHDRWL SOUTH BEND INDIANA ID,40
12/9/13,Taste Cafe & Marketplace 465124,13.87
12/10/13,Shapiro's Delicatessen 812282,33.81
12/10/13,AMAZON,21.98
12/18/13,Iaria's Italian Restaurant 271033,30.62
12/19/13,Cafe Patachou 197909,29.6
12/20/13,Uber BV help.uber.com,18.99
12/21/13,St. Elmo Steak House 354324,15.36
12/23/13,BKOFAMERICA ATM 13-12 #000009003 WITHDRWL SOUTH BEND INDIANA ID,10
12/23/13,MOBILE GAS,30.89
12/23/13,3 Sisters 736039,29.08
12/26/13,3 Sisters 179671,34
12/29/13,3 Sisters 147460,20.2
12/30/13,Mug N' Bun 161298,18.27
12/30/13,Uber BV help.uber.com,20.71
1/2/14,Siam Square 171137,7.2
1/3/14,3 Sisters 477672,23.53
1/5/14,Taste Cafe & Marketplace 216597,18.34
1/5/14,WALMART,15.13
1/6/14,ADY*Netflix,8.99
1/10/14,FirstService Res DES:RESIDENT ID: 45118551 INDN:Sara Caplan CO ID:XXXXX39005 WEB,1275
1/10/14,FirstService Res Late Fee DES:RESIDENT ID: 45118551 INDN:Sara Caplan CO ID:XXXXX39005 WEB,25
12/31/13,TARGET PURCHASE 887449,17.07
12/30/13,The Tamale Place 356829,30.65
1/1/14,Uber BV help.uber.com,13.02
1/5/14,Shoefly Public House 34768,31.43
1/10/14,SHELL,40.52
1/7/14,Iaria's Italian Restaurant 566899,17.36
1/7/14,Uber BV help.uber.com,8.92
1/8/14,Bluebeard 84957,32.21
1/9/14,Taste Cafe & Marketplace 312033,23.46
1/10/14,Uber BV help.uber.com,16.73
1/12/14,Uber BV help.uber.com,19.2
1/13/14,TARGET,13.36
1/14/14,Shoefly Public House 217946,11.97
1/15/14,Delicia 766314,28.58
1/16/14,Bluebeard 535191,23.34
1/17/14,Uber BV help.uber.com,20
1/21/14,TARGET PURCHASE 1686002,20.66
1/21/14,BKOFAMERICA ATM 14-01 #000009003 WITHDRWL SOUTH BEND INDIANA ID,10
1/21/14,The Loft at Trader's Point Creamery 618400,21.53
1/21/14,Uber BV help.uber.com,11.77
1/22/14,Mama Carolla's Old Italian 263234,29.24
1/23/14,WALMART,17.29
1/26/14,Cafe Patachou 667804,27.75
1/26/14,AMAZON,41.09
2/2/14,PAYPAL DES:INST XFER ID:47507 INDN:Sara Caplan CO ID:PAYPAL WEB,27.2
1/27/14,3 Sisters 43914,21.93
1/28/14,Uber BV help.uber.com,16.17
1/28/14,NORDSTROM ONLINE,35.74
2/2/14,Shapiro's Delicatessen 128466,21.28